,,,,,,,,,,,,
,,,,,,,,,,,,
Style,Size,Starting Bid,Ending Bid,Type,Channel,Show Title,,Bid Type,,,,
EM,L,5,10,Crew,yfvtg,VTG Sweater Show,,Auction,,,,
P,L,5,0,Hoodie,yfvtg,VTG Sweater Show,,Auction,,,,
EM,L,5,14,Crew,yfvtg,VTG Sweater Show,,Auction,,,,
EM,L,5,7,Hoodie,yfvtg,VTG Sweater Show,,Auction,,,,
EM,2XL,5,5,Crew,yfvtg,VTG Sweater Show,,Auction,,,,
EM,S,5,5,Hoodie,yfvtg,VTG Sweater Show,,Auction,,,,
P,L,5,0,Crew,yfvtg,VTG Sweater Show,,Auction,,,,
EM,XL,5,14,Crew,yfvtg,VTG Sweater Show,,Auction,,,,
EM,M,5,0,Zipup Hoodie,yfvtg,VTG Sweater Show,,Auction,,,,
EM,M,5,0,Zipup Hoodie,yfvtg,VTG Sweater Show,,Auction,,,,
EM,XL,5,11,Crew,yfvtg,VTG Sweater Show,,Auction,,,,
P,L,5,7,Zipup,yfvtg,VTG Sweater Show,,Auction,,,,
P,2XL,5,5,Hoodie,yfvtg,VTG Sweater Show,,Auction,,,,
P,M,5,5,Crew,yfvtg,VTG Sweater Show,,Auction,,,,
EM,2XL,5,5,Crew,yfvtg,VTG Sweater Show,,Auction,,,,
B,XL,5,6,Crew,yfvtg,VTG Sweater Show,,Auction,,,,
EM,XL,5,22,Hoodie,yfvtg,VTG Sweater Show,,Auction,,,,
P,XL,5,13,Zipup Hoodie,yfvtg,VTG Sweater Show,,Auction,,,,
EM,M,5,9,Hoodie,yfvtg,VTG Sweater Show,,Auction,,,,
EM,L,5,5,Crew,yfvtg,VTG Sweater Show,,Auction,,,,
EM,L,5,5,Crew,yfvtg,VTG Sweater Show,,Auction,,,,
P,M,5,15,Zipup Hoodie,yfvtg,VTG Sweater Show,,Auction,,,,
P,XL,5,10,Zipup,yfvtg,VTG Sweater Show,,Auction,,,,
EM,L,5,12,Crew,yfvtg,VTG Sweater Show,,Auction,,,,
P,L,5,5,Crew,yfvtg,VTG Sweater Show,,Auction,,,,
B,XL,5,7,Crew,yfvtg,VTG Sweater Show,,Auction,,,,
P,L,5,9,Crew,yfvtg,VTG Sweater Show,,Auction,,,,
P,XL,5,0,Crew,yfvtg,VTG Sweater Show,,Auction,,,,
P,XL,5,0,Crew,yfvtg,VTG Sweater Show,,Auction,,,,
P,M,5,5,Hoodie,yfvtg,VTG Sweater Show,,Auction,,,,
EM,L,5,6,Crew,yfvtg,VTG Sweater Show,,Auction,,,,
P,M,5,8,Hoodie,yfvtg,VTG Sweater Show,,Auction,,,,
P,L,5,5,Crew,yfvtg,VTG Sweater Show,,Auction,,,,
P,XL,5,5,Crew,yfvtg,VTG Sweater Show,,Auction,,,,
EM,L,5,7,Hoodie,yfvtg,VTG Sweater Show,,Auction,,,,
EM,L,5,10,Crew,yfvtg,VTG Sweater Show,,Auction,,,,
P,M,5,0,Hoodie,yfvtg,VTG Sweater Show,,Auction,,,,
P,L,5,5,Crew,yfvtg,VTG Sweater Show,,Auction,,,,
EM,M,5,24,Crew,yfvtg,VTG Sweater Show,,Auction,,,,
P,XL,5,9,Hoodie,yfvtg,VTG Sweater Show,,Auction,,,,
P,XL,5,5,Hoodie,yfvtg,VTG Sweater Show,,Auction,,,,
EM,2XL,5,13,Hoodie,yfvtg,VTG Sweater Show,,Auction,,,,
P,XL,5,5,Crew,yfvtg,VTG Sweater Show,,Auction,,,,
P,L,5,7,Crew,yfvtg,VTG Sweater Show,,Auction,,,,
AOP,S,5,20,Crew,yfvtg,VTG Sweater Show,,Auction,,,,
P,L,5,5,Crew,yfvtg,VTG Sweater Show,,Auction,,,,
P,L,5,7,Crew,yfvtg,VTG Sweater Show,,Auction,,,,
EM,L,5,5,Hoodie,yfvtg,VTG Sweater Show,,Auction,,,,
P,L,5,12,Crew,yfvtg,VTG Sweater Show,,Auction,,,,
EM,M,5,5,Hoodie,yfvtg,VTG Sweater Show,,Auction,,,,
EM,XL,5,5,Hoodie,yfvtg,VTG Sweater Show,,Auction,,,,
P,M,5,8,Crew,yfvtg,VTG Sweater Show,,Auction,,,,
P,XL,5,0,Crew,yfvtg,VTG Sweater Show,,Auction,,,,
EM,L,5,17,Crew,yfvtg,VTG Sweater Show,,Auction,,,,
EM,2XL,5,0,Crew,yfvtg,VTG Sweater Show,,Auction,,,,
EM,2XL,5,0,Crew,yfvtg,VTG Sweater Show,,Auction,,,,
EM,XL,5,5,Hoodie,yfvtg,VTG Sweater Show,,Auction,,,,
P,L,5,5,Crew,yfvtg,VTG Sweater Show,,Auction,,,,
P,L,5,19,Crew,yfvtg,VTG Sweater Show,,Auction,,,,
EM,L,5,5,Hoodie,yfvtg,VTG Sweater Show,,Auction,,,,
EM,M,5,5,Hoodie,yfvtg,VTG Sweater Show,,Auction,,,,
EM,XL,5,0,Crew,yfvtg,VTG Sweater Show,,Auction,,,,
EM,XL,5,26,Hoodie,yfvtg,VTG Sweater Show,,Auction,,,,
EM,S,5,8,Crew,yfvtg,VTG Sweater Show,,Auction,,,,
EM,2XL,5,5,Crew,yfvtg,VTG Sweater Show,,Auction,,,,
P,L,5,5,Crew,yfvtg,VTG Sweater Show,,Auction,,,,
P,L,5,5,Crew,yfvtg,VTG Sweater Show,,Auction,,,,
P,XL,5,19,Crew,yfvtg,VTG Sweater Show,,Auction,,,,
EM,XL,5,0,Hoodie,yfvtg,VTG Sweater Show,,Auction,,,,
P,L,5,5,Hoodie,yfvtg,VTG Sweater Show,,Auction,,,,
B,XL,5,5,Crew,yfvtg,VTG Sweater Show,,Auction,,,,
EM,XL,5,16,Crew,yfvtg,VTG Sweater Show,,Auction,,,,
P,L,5,6,Crew,yfvtg,VTG Sweater Show,,Auction,,,,
P,L,5,10,Crew,yfvtg,VTG Sweater Show,,Auction,,,,
EM,2XL,5,15,Hoodie,yfvtg,VTG Sweater Show,,Auction,,,,
EM,XL,5,6,Crew,yfvtg,VTG Sweater Show,,Auction,,,,
P,L,5,0,Crew,yfvtg,VTG Sweater Show,,Auction,,,,
P,L,5,5,Crew,yfvtg,VTG Sweater Show,,Auction,,,,
P,XL,5,5,Crew,yfvtg,VTG Sweater Show,,Auction,,,,
EM,L,5,0,Crew,yfvtg,VTG Sweater Show,,Auction,,,,
EM,L,5,7,Crew,yfvtg,VTG Sweater Show,,Auction,,,,
P,L,5,5,Hoodie,yfvtg,VTG Sweater Show,,Auction,,,,
P,XL,5,0,Crew,yfvtg,VTG Sweater Show,,Auction,,,,
EM,L,5,0,Zipup Hoodie,yfvtg,VTG Sweater Show,,Auction,,,,
P,XL,5,0,Crew,yfvtg,VTG Sweater Show,,Auction,,,,
EM,L,5,0,Hoodie,yfvtg,VTG Sweater Show,,Auction,,,,
EM,2XL,5,5,Crew,yfvtg,VTG Sweater Show,,Auction,,,,
EM,XL,5,7,Crew,yfvtg,VTG Sweater Show,,Auction,,,,
P,XL,5,5,Crew,yfvtg,VTG Sweater Show,,Auction,,,,
EM,XL,5,5,Hoodie,yfvtg,VTG Sweater Show,,Auction,,,,
P,L,5,0,Hoodie,yfvtg,VTG Sweater Show,,Auction,,,,
P,XL,5,5,Crew,yfvtg,VTG Sweater Show,,Auction,,,,
EM,L,5,8,Crew,yfvtg,VTG Sweater Show,,Auction,,,,
P,XL,5,13,Crew,yfvtg,VTG Sweater Show,,Auction,,,,
P,XL,5,7,Crew,yfvtg,VTG Sweater Show,,Auction,,,,
P,L,5,18,Crew,yfvtg,VTG Sweater Show,,Auction,,,,
P,M,5,5,Crew,yfvtg,VTG Sweater Show,,Auction,,,,
EM,2XL,5,15,Crew,yfvtg,VTG Sweater Show,,Auction,,,,
P,XL,5,7,Crew,yfvtg,VTG Sweater Show,,Auction,,,,
P,XL,5,13,Crew,yfvtg,VTG Sweater Show,,Auction,,,,
EM,XL,5,5,Zipup,yfvtg,VTG Sweater Show,,Auction,,,,
P,XL,5,6,Crew,yfvtg,VTG Sweater Show,,Auction,,,,
EM,XL,5,11,Crew,yfvtg,VTG Sweater Show,,Auction,,,,
P,XL,5,6,Hoodie,yfvtg,VTG Sweater Show,,Auction,,,,
P,L,5,22,Crew,yfvtg,VTG Sweater Show,,Auction,,,,
P,XL,5,5,Hoodie,yfvtg,VTG Sweater Show,,Auction,,,,
P,3XL,5,0,Crew,yfvtg,VTG Sweater Show,,Auction,,,,
P,2XL,5,5,Crew,yfvtg,VTG Sweater Show,,Auction,,,,
P,L,5,5,Crew,yfvtg,VTG Sweater Show,,Auction,,,,
EM,XL,5,16,Crew,yfvtg,VTG Sweater Show,,Auction,,,,
EM,XL,5,9,Crew,yfvtg,VTG Sweater Show,,Auction,,,,
EM,XL,5,5,Hoodie,yfvtg,VTG Sweater Show,,Auction,,,,
P,XL,5,0,Crew,yfvtg,VTG Sweater Show,,Auction,,,,
P,XL,5,0,Crew,yfvtg,VTG Sweater Show,,Auction,,,,
B,L,5,5,Crew,yfvtg,VTG Sweater Show,,Auction,,,,
EM,M,5,0,Hoodie,yfvtg,VTG Sweater Show,,Auction,,,,
EM,M,5,5,Hoodie,yfvtg,VTG Sweater Show,,Auction,,,,
EM,M,5,0,Hoodie,yfvtg,VTG Sweater Show,,Auction,,,,
EM,M,5,5,Hoodie,yfvtg,VTG Sweater Show,,Auction,,,,
P,M,5,5,Hoodie,yfvtg,VTG Sweater Show,,Auction,,,,
P,XL,5,5,Crew,yfvtg,VTG Sweater Show,,Auction,,,,
P,L,5,0,Crew,yfvtg,VTG Sweater Show,,Auction,,,,
P,XL,5,8,Crew,yfvtg,VTG Sweater Show,,Auction,,,,
EM,2XL,5,12,Crew,yfvtg,VTG Sweater Show,,Auction,,,,
EM,XL,5,12,Hoodie,yfvtg,VTG Sweater Show,,Auction,,,,
EM,S,5,0,Hoodie,yfvtg,VTG Sweater Show,,Auction,,,,
P,M,5,21,Crew,yfvtg,VTG Sweater Show,,Auction,,,,
EM,L,5,0,Hoodie,yfvtg,VTG Sweater Show,,Auction,,,,
P,XL,5,9,Quarter Zip,yfvtg,VTG Sweater Show,,Auction,,,,
EM,L,5,0,Hoodie,yfvtg,VTG Sweater Show,,Auction,,,,
EM,M,5,5,Hoodie,yfvtg,VTG Sweater Show,,Auction,,,,
EM,XL,5,0,Hoodie,yfvtg,VTG Sweater Show,,Auction,,,,
EM,XL,5,0,Hoodie,yfvtg,VTG Sweater Show,,Auction,,,,
P,XL,5,0,Zipup,yfvtg,VTG Sweater Show,,Auction,,,,
P,XL,5,0,Zipup,yfvtg,VTG Sweater Show,,Auction,,,,
P,L,5,5,Zipup,yfvtg,VTG Sweater Show,,Auction,,,,
EM,L,5,0,Hoodie,yfvtg,VTG Sweater Show,,Auction,,,,
P,L,5,10,Crew,yfvtg,VTG Sweater Show,,Auction,,,,
P,XL,5,15,Crew,yfvtg,VTG Sweater Show,,Auction,,,,
B,XL,5,26,Zipup Hoodie,yfvtg,VTG Sweater Show,,Auction,,,,
P,XL,5,18,Crew,yfvtg,VTG Sweater Show,,Auction,,,,
P,XL,5,15,Crew,yfvtg,VTG Sweater Show,,Auction,,,,
P,XL,5,0,Crew,yfvtg,VTG Sweater Show,,Auction,,,,
P,XL,5,5,Crew,yfvtg,VTG Sweater Show,,Auction,,,,
P,L,5,10,Crew,yfvtg,VTG Sweater Show,,Auction,,,,
B,L,5,5,Zipup Hoodie,yfvtg,VTG Sweater Show,,Auction,,,,
EM,XL,5,5,Hoodie,yfvtg,VTG Sweater Show,,Auction,,,,
EM,2XL,5,5,Crew,yfvtg,VTG Sweater Show,,Auction,,,,
P,L,5,10,Crew,yfvtg,VTG Sweater Show,,Auction,,,,
P,XL,5,9,Crew,yfvtg,VTG Sweater Show,,Auction,,,,
P,M,5,47,Hoodie,yfvtg,VTG Sweater Show,,Auction,,,,
EM,XL,5,5,Crew,yfvtg,VTG Sweater Show,,Auction,,,,
B,XL,5,7,Crew,yfvtg,VTG Sweater Show,,Auction,,,,
P,XL,5,5,Crew,yfvtg,VTG Sweater Show,,Auction,,,,
P,XL,5,0,Hoodie,yfvtg,VTG Sweater Show,,Auction,,,,
P,L,5,7,Crew,yfvtg,VTG Sweater Show,,Auction,,,,
EM,M ,5,17,Vest,Mrtop,Carhartt Show,,SD,,,,
EM,L,5,23,Detroit,Mrtop,Carhartt Show,,SD,,,,
EM,XL,5,7,Vest,Mrtop,Carhartt Show,,SD,,,,
EM,L,5,43,Zipup Jacket,Mrtop,Carhartt Show,,SD,,,,
EM,M,5,63,Zipup Jacket,Mrtop,Carhartt Show,,SD,,,,
EM,M,5,112,Detroit,Mrtop,Carhartt Show,,SD,,,,
EM,L,5,38,Detroit,Mrtop,Carhartt Show,,SD,,,,
EM,XL,5,9,Vest,Mrtop,Carhartt Show,,SD,,,,
EM,M,5,81,Detroit,Mrtop,Carhartt Show,,SD,,,,
EM,M,5,19,Detroit,Mrtop,Carhartt Show,,SD,,,,
EM,2XL,5,48,Detroit,Mrtop,Carhartt Show,,SD,,,,
EM,L,5,76,Zipup Jacket,Mrtop,Carhartt Show,,SD,,,,
EM,L,5,66,Zipup Jacket,Mrtop,Carhartt Show,,SD,,,,
EM,L,5,32,Detroit,Mrtop,Carhartt Show,,SD,,,,
EM,XL,5,66,Zipup Jacket,Mrtop,Carhartt Show,,SD,,,,
EM,3XL,5,10,Zipup Jacket,Mrtop,Carhartt Show,,SD,,,,
EM,M,5,180,Detroit,Mrtop,Carhartt Show,,SD,,,,
EM,XL,5,70,Detroit,Mrtop,Carhartt Show,,SD,,,,
EM,S,5,83,Zipup Jacket,Mrtop,Carhartt Show,,SD,,,,
P,XL,5,81,Jersey,Mrtop,Premium Sports Show,,SD,,,,
P,L,5,24,Jersey,Mrtop,Premium Sports Show,,SD,,,,
P,XL,5,47,Jersey,Mrtop,Premium Sports Show,,SD,,,,
P,M,5,10,Jersey,Mrtop,Premium Sports Show,,SD,,,,
P,L,5,31,Crewneck,Mrtop,Premium Sports Show,,SD,,,,
P,XL,5,45,Windbreaker,Mrtop,Premium Sports Show,,SD,,,,
P,M,5,24,Windbreaker,Mrtop,Premium Sports Show,,SD,,,,
P,XL,5,50,Crewneck,Mrtop,Premium Sports Show,,SD,,,,
P,XL,5,24,Crewneck,Mrtop,Premium Sports Show,,SD,,,,
P,L,5,51,Hoodie,Mrtop,Premium Sports Show,,SD,,,,
P,L,5,0,Varsity Jacket,Mrtop,Premium Sports Show,,SD,,,,
P,M,5,131,Zipup Jacket,Mrtop,Premium Sports Show,,SD,,,,
P,L,5,56,Windbreaker,Mrtop,Premium Sports Show,,SD,,,,
P,L,5,27,Crewneck,Mrtop,Premium Sports Show,,SD,,,,
P,XL,5,42,Crewneck,Mrtop,Premium Sports Show,,SD,,,,
P,L,5,49,Varsity Jacket,Mrtop,Premium Sports Show,,SD,,,,
P,M ,5,66,Varsity Jacket,Mrtop,Premium Sports Show,,SD,,,,
P,L,5,89,Zipup Jacket,Mrtop,Premium Sports Show,,SD,,,,
P,XL,5,62,Crewneck,Mrtop,Premium Sports Show,,SD,,,,
P,XL,5,73,Zipup Jacket,Mrtop,Premium Sports Show,,SD,,,,
P,XL,5,54,Crewneck,Mrtop,Premium Sports Show,,SD,,,,
P,XL,5,72,Crewneck,Mrtop,Premium Sports Show,,SD,,,,
P,XL,5,53,Crewneck,Mrtop,Premium Sports Show,,SD,,,,
P,L,5,56,Crewneck,Mrtop,Premium Sports Show,,SD,,,,
P,XL,5,51,Crewneck,Mrtop,Premium Sports Show,,SD,,,,
P,L,5,53,Jersey,Mrtop,Premium Sports Show,,SD,,,,
P,XL,5,82,Crewneck,Mrtop,Premium Sports Show,,SD,,,,
P,L,5,63,Jersey,Mrtop,Premium Sports Show,,SD,,,,
P,M,5,5,Jersey,Mrtop,Premium Sports Show,,SD,,,,
P,XL,5,44,Crewneck,Mrtop,Premium Sports Show,,SD,,,,
P,XL,5,170,Crewneck,Mrtop,Premium Sports Show,,SD,,,,
P,L,5,21,Crewneck,Mrtop,Premium Sports Show,,SD,,,,
P,XL,5,85,Jersey,Mrtop,Premium Sports Show,,SD,,,,
P,M,5,8,Crewneck,Mrtop,Premium Sports Show,,SD,,,,
P,L,5,160,Zipup Jacket,Mrtop,Premium Sports Show,,SD,,,,
P,S,5,5,Jersey,Mrtop,Premium Sports Show,,SD,,,,
P,2XL,5,5,Jersey,Mrtop,Premium Sports Show,,SD,,,,
P,M,5,5,Jersey,Mrtop,Premium Sports Show,,SD,,,,
P,XL,5,5,Jersey,Mrtop,Premium Sports Show,,SD,,,,
P,XL,5,10,Jersey,Mrtop,Premium Sports Show,,SD,,,,
P,M ,5,5,Jersey,Mrtop,Premium Sports Show,,SD,,,,
P,L,5,5,Shirt,Mrtop,Premium Sports Show,,SD,,,,
P,L,5,7,Jersey,Mrtop,Premium Sports Show,,SD,,,,
P,3XL ,5,26,Jersey,Mrtop,Premium Sports Show,,SD,,,,
P,L,5,5,Jersey,Mrtop,Premium Sports Show,,SD,,,,
P,S,5,6,Shorts,Mrtop,Premium Sports Show,,SD,,,,
P,XL,5,20,Jersey,Mrtop,Premium Sports Show,,SD,,,,
P,L,5,24,Crewneck,Mrtop,Premium Sports Show,,SD,,,,
P,M,5,8,Jersey,Mrtop,Premium Sports Show,,SD,,,,
P,L,5,32,Jersey,Mrtop,Premium Sports Show,,SD,,,,
P,L,5,5,Jersey,Mrtop,Premium Sports Show,,SD,,,,
P,L,5,6,Jersey,Mrtop,Premium Sports Show,,SD,,,,
P,XL,5,9,Jersey,Mrtop,Premium Sports Show,,SD,,,,
P,XL,5,8,Jersey,Mrtop,Premium Sports Show,,SD,,,,
P,L,5,12,Jersey,Mrtop,Premium Sports Show,,SD,,,,
P,L,5,6,Jersey,Mrtop,Premium Sports Show,,SD,,,,
P,L,5,13,Joggers,Mrtop,Premium Sports Show,,SD,,,,
P,M,5,41,Jersey,Mrtop,Premium Sports Show,,SD,,,,
P,M,5,9,Crewneck,Mrtop,Premium Sports Show,,SD,,,,
P,L,5,7,Crewneck,Mrtop,Premium Sports Show,,SD,,,,
P,L,5,8,Crewneck,Mrtop,Premium Sports Show,,SD,,,,
EM,XL,5,29,Crewneck,Mrtop,Premium Sports Show,,SD,,,,
P,M,5,13,Crewneck,Mrtop,Premium Sports Show,,SD,,,,
P,2XL,5,6,Hoodie,Mrtop,Premium Sports Show,,SD,,,,
P,XL,5,35,Crewneck,Mrtop,Premium Sports Show,,SD,,,,
P,3XL ,5,5,Crewneck,Mrtop,Premium Sports Show,,SD,,,,
P,3XL ,5,18,Crewneck,Mrtop,Premium Sports Show,,SD,,,,
P,XL,5,10,Crewneck,Mrtop,Premium Sports Show,,SD,,,,
P,XL,5,14,Crewneck,Mrtop,Premium Sports Show,,SD,,,,
EM,XL,5,6,Crewneck,Mrtop,Premium Sports Show,,SD,,,,
P,XL,5,14,Crewneck,Mrtop,Premium Sports Show,,SD,,,,
P,XL,5,14,Crewneck,Mrtop,Premium Sports Show,,SD,,,,
P,L,5,9,Hoodie,Mrtop,Premium Sports Show,,SD,,,,
P,2XL,5,38,Crewneck,Mrtop,Premium Sports Show,,SD,,,,
P,L,5,10,Crewneck,Mrtop,Premium Sports Show,,SD,,,,
P,L,5,21,Crewneck,Mrtop,Premium Sports Show,,SD,,,,
P,XL,5,17,Crewneck,Mrtop,Premium Sports Show,,SD,,,,
P,M,5,13,Windbreaker,Mrtop,Premium Sports Show,,SD,,,,
P,XL,5,7,Windbreaker,Mrtop,Premium Sports Show,,SD,,,,
P,XL,5,11,Windbreaker,Mrtop,Premium Sports Show,,SD,,,,
P,2XL,5,6,Crewneck,Mrtop,Premium Sports Show,,SD,,,,
P,L,5,0,Crewneck,Mrtop,Premium Sports Show,,SD,,,,
P,XL,5,41,Varsity,Mrtop,Premium Sports Show,,SD,,,,
P,L,5,25,Varsity,Mrtop,Premium Sports Show,,SD,,,,
P,XL,5,46,Varsity,Mrtop,Premium Sports Show,,SD,,,,
P,L,5,54,Varsity,Mrtop,Premium Sports Show,,SD,,,,
P,M,5,10,Crewneck,Mrtop,Premium Nike Show,,SD,,,,
P,L,5,8,Joggers,Mrtop,Premium Nike Show,,SD,,,,
EM,L,5,19,Hoodie,Mrtop,Premium Nike Show,,SD,,,,
EM,L,5,14,QuarterZip,Mrtop,Premium Nike Show,,SD,,,,
P,2XL,5,0,Shirt,Mrtop,Premium Nike Show,,SD,,,,
EM,L,5,9,Windbreaker,Mrtop,Premium Nike Show,,SD,,,,
EM,L,5,10,Shirt,Mrtop,Premium Nike Show,,SD,,,,
P,L,5,14,Crewneck,Mrtop,Premium Nike Show,,SD,,,,
P,L,5,5,Shirt,Mrtop,Premium Nike Show,,SD,,,,
EM,M,5,20,Crewneck,Mrtop,Premium Nike Show,,SD,,,,
P,L,5,7,Windbreaker,Mrtop,Premium Nike Show,,SD,,,,
EM,L,5,14,Crewneck,Mrtop,Premium Nike Show,,SD,,,,
EM,XL,5,17,Crewneck,Mrtop,Premium Nike Show,,SD,,,,
P,S,5,10,Windbreaker,Mrtop,Premium Nike Show,,SD,,,,
EM,L,5,19,Hoodie,Mrtop,Premium Nike Show,,SD,,,,
EM,L,5,22,Crewneck,Mrtop,Premium Nike Show,,SD,,,,
EM,XL,5,12,Crewneck,Mrtop,Premium Nike Show,,SD,,,,
P,L,5,22,Windbreaker,Mrtop,Premium Nike Show,,SD,,,,
P,L,5,17,Shirt,Mrtop,Premium Nike Show,,SD,,,,
EM,2XL,5,12,Crewneck,Mrtop,Premium Nike Show,,SD,,,,
EM,XL,5,17,Crewneck,Mrtop,Premium Nike Show,,SD,,,,
EM,XL,5,20,Crewneck,Mrtop,Premium Nike Show,,SD,,,,
EM,XL,5,30,Hoodie,Mrtop,Premium Nike Show,,SD,,,,
EM,2XL,5,13,Crewneck,Mrtop,Premium Nike Show,,SD,,,,
EM,M,5,15,Crewneck,Mrtop,Premium Nike Show,,SD,,,,
P,L,5,9,Windbreaker,Mrtop,Premium Nike Show,,SD,,,,
EM,M,5,16,Crewneck,Mrtop,Premium Nike Show,,SD,,,,
P,XL,5,5,Shirt,Mrtop,Premium Nike Show,,SD,,,,
EM,XL,5,8,Crewneck,Mrtop,Premium Nike Show,,SD,,,,
EM,XL,5,19,Windbreaker,Mrtop,Premium Nike Show,,SD,,,,
EM,XL,5,30,Crewneck,Mrtop,Premium Nike Show,,SD,,,,
EM,XL,5,6,Crewneck,Mrtop,Premium Nike Show,,SD,,,,
P,L,5,21,Shirt,Mrtop,Premium Nike Show,,SD,,,,
EM,2XL,5,24,Hoodie,Mrtop,Premium Nike Show,,SD,,,,
P,2XL,5,8,Shirt,Mrtop,Premium Nike Show,,SD,,,,
EM,XL,5,13,Crewneck,Mrtop,Premium Nike Show,,SD,,,,
EM,M,5,13,QuarterZip,Mrtop,Premium Nike Show,,SD,,,,
EM,L,5,16,Crewneck,Mrtop,Premium Nike Show,,SD,,,,
P,XL,5,7,Shirt,Mrtop,Premium Nike Show,,SD,,,,
EM,L,5,23,Hoodie,Mrtop,Premium Nike Show,,SD,,,,
EM,L,5,12,Crewneck,Mrtop,Premium Nike Show,,SD,,,,
EM,2XL,5,5,Crewneck,Mrtop,Premium Nike Show,,SD,,,,
EM,2XL,5,17,Crewneck,Mrtop,Premium Nike Show,,SD,,,,
EM,XL,5,16,Crewneck,Mrtop,Premium Nike Show,,SD,,,,
P,L,5,5,Crewneck,Mrtop,Premium Nike Show,,SD,,,,
EM,2XL,5,11,Crewneck,Mrtop,Premium Nike Show,,SD,,,,
EM,L,5,15,Crewneck,Mrtop,Premium Nike Show,,SD,,,,
P,L,5,9,Windbreaker,Mrtop,Premium Nike Show,,SD,,,,
EM,XL,5,5,Shirt,Mrtop,Premium Nike Show,,SD,,,,
P,L,5,11,Shirt,Mrtop,Premium Nike Show,,SD,,,,
