,,,,,Auction,,,,,,,,SD,,,,,SD,,,,,,SD,,,,,,,sd,
,Youthforever Wholesale $5 Sweater Show,,,,84,,,,mr top carhartt,,,,190,,Mr top premium sports show,,,85,,,Mr top premium sport,,,110,,,,mr top premium nike,,,78,
,,,,,,,,,,,,,,,,,,,,,,,,,,,,,,,,
style,size,starting bid,ending bid,type,,,,,size,type,starting bid,ending bid,,,size,type,starting bid,ending bid,,,size,type,starting bid,ending bid,,,style,size,type,starting bit,ending bid,symbol position
EM,L,5,10,Crew,,,,,M ,Vest,5,17,,,XL,Jersey,5,81,,,S,Jersey,5,5,,,P,M,Crewneck,5,10,off center
P,L,5,0,Hoodie,,,,,L,Detroit,5,23,,,L,Jersey,5,24,,,2XL,Jersey,5,5,,,P,L,Joggers,5,8,
EM,L,5,14,Crew,,,,,XL,Vest,5,7,,,XL,Jersey,5,47,,,M,Jersey,5,5,,,EM,L,Hoodie,5,19,center
EM,L,5,7,Hoodie,,,,,L,Zipup Jacket,5,43,,,M,Jersey,5,10,,,XL,Jersey,5,5,,,EM,L,QuarterZip,5,14,off center
EM,2XL,5,5,Crew,,,,,M,Zipup Jacket,5,63,,,L,Crewneck,5,31,,,XL,Jersey,5,10,,,P,2XL,Shirt,5,0,center
EM,S,5,5,Hoodie,,,,,M,Detroit,5,112,,,XL,Windbreaker,5,45,,,M ,Jersey,5,5,,,EM,L,Windbreaker,5,9,off center
P,L,5,0,Crew,,,,,L,Detroit,5,38,,,M,Windbreaker,5,24,,,L,Shirt,5,5,,,EM,L,Shirt,5,10,center
EM,XL,5,14,Crew,,,,,XL,Vest,5,9,,,XL,Crewneck,5,50,,,L,Jersey,5,7,,,P,L,Crewneck,5,14,off center
EM,M,5,0,Zipup Hoodie,,,,,M,Detroit,5,81,,,XL,Crewneck,5,24,,,3XL ,Jersey,5,26,,,P,L,Shirt,5,5,ACG
EM,M,5,0,Zipup Hoodie,,,,,M,Detroit,5,19,v  ,,L,Hoodie,5,51,,,L,Jersey,5,5,,,EM,M,Crewneck,5,20,off center
EM,XL,5,11,Crew,,,,,2XL,Detroit,5,48,,,L,Varsity Jacket,5,0,,,S,Shorts,5,6,,,P,L,Windbreaker,5,7,off center
P,L,5,7,Zipup,,,,,L,Zipup Jacket,5,76,,,M,Zipup Jacket,5,131,,,XL,Jersey,5,20,,,EM,L,Crewneck,5,14,center
P,2XL,5,5,Hoodie,,,,,L,Zipup Jacket,5,66,,,L,Windbreaker,5,56,,,L,Crewneck,5,24,,,EM,XL,Crewneck,5,17,off center
P,M,5,5,Crew,,,,,L,Detroit,5,32,,,L,Crewneck,5,27,,,M,Jersey,5,8,,,P,S,Windbreaker,5,10,off center
EM,2XL,5,5,Crew,,,,,XL,Zipup Jacket,5,66,,,XL,Crewneck,5,42,,,L,Jersey,5,32,,,EM,L,Hoodie,5,19,center
B,XL,5,6,Crew,,,,,3XL,Zipup Jacket,5,10,,,L,Varsity Jacket,5,49,,,L,Jersey,5,5,,,EM,L,Crewneck,5,22,off center
EM,XL,5,22,Hoodie,,,,,M,Detroit,5,180,,,M ,Varsity Jacket,5,66,,,L,Jersey,5,6,,,EM,XL,Crewneck,5,12,off center
P,XL,5,13,Zipup Hoodie,,,,,XL,Detroit,5,70,,,L,Zipup Jacket,5,89,,,XL,Jersey,5,9,,,P,L,Windbreaker,5,22,off center
EM,M,5,9,Hoodie,,,,,S,Zipup Jacket,5,83,,,XL,Crewneck,5,62,,,XL,Jersey,5,8,,,P,L,Shirt,5,17,off center
EM,L,5,5,Crew,,,,,,,,,,,XL,Zipup Jacket,5,73,,,L,Jersey,5,12,,,EM,2XL,Crewneck,5,12,off center
EM,L,5,5,Crew,,,,,,,,,,,XL,Crewneck,5,54,,,L,Jersey,5,6,,,EM,XL,Crewneck,5,17,off center
P,M,5,15,Zipup Hoodie,,,,,,,,,,,XL,Crewneck,5,72,,,L,Joggers,5,13,,,EM,XL,Crewneck,5,20,center
P,XL,5,10,Zipup,,,,,,,,,,,XL,Crewneck,5,53,,,M,Jersey,5,41,,,EM,XL,Hoodie,5,30,center
EM,L,5,12,Crew,,,,,,,,,,,L,Crewneck,5,56,,,M,Crewneck,5,9,,,EM,2XL,Crewneck,5,13,center
P,L,5,5,Crew,,,,,,,,,,,XL,Crewneck,5,51,,,L,Crewneck,5,7,,,EM,M,Crewneck,5,15,center
B,XL,5,7,Crew,,,,,,,,,,,L,Jersey,5,53,,,L,Crewneck,5,8,,,P,L,Windbreaker,5,9,off center
P,L,5,9,Crew,,,,,,,,,,,XL,Crewneck,5,82,,,XL,Crewneck,5,29,EM,,EM,M,Crewneck,5,16,center
P,XL,5,0,Crew,,,,,,,,,,,L,Jersey,5,63,,,M,Crewneck,5,13,,,P,XL,Shirt,5,5,center
P,XL,5,0,Crew,,,,,,,,,,,M,Jersey,5,5,,,2XL,Hoodie,5,6,,,EM,XL,Crewneck,5,8,off center
P,M,5,5,Hoodie,,,,,,,,,,,XL,Crewneck,5,44,,,XL,Crewneck,5,35,,,EM,XL,Windbreaker,5,19,off center
EM,L,5,6,Crew,,,,,,,,,,,XL,Crewneck,5,170,,,3XL ,Crewneck,5,5,,,EM,XL,Crewneck,5,30,center
P,M,5,8,Hoodie,,,,,,,,,,,L,Crewneck,5,21,,,3XL ,Crewneck,5,18,,,EM,XL,Crewneck,5,6,off center
P,L,5,5,Crew,,,,,,,,,,,XL,Jersey,5,85,,,XL,Crewneck,5,10,,,P,L,Shirt,5,21,center
P,XL,5,5,Crew,,,,,,,,,,,M,Crewneck,5,8,,,XL,Crewneck,5,14,,,EM,2XL,Hoodie,5,24,center
EM,L,5,7,Hoodie,,,,,,,,,,,L,Zipup Jacket,5,160,,,XL,Crewneck,5,6,EM,,P,2XL,Shirt,5,8,off center
EM,L,5,10,Crew,,,,,,,,,,,,,,,,,XL,Crewneck,5,14,,,EM,XL,Crewneck,5,13,off center
P,M,5,0,Hoodie,,,,,,,,,,,,,,,,,XL,Crewneck,5,14,,,EM,M,QuarterZip,5,13,off center
P,L,5,5,Crew,,,,,,,,,,,,,,,,,L,Hoodie,5,9,,,EM,L,Crewneck,5,16,center
EM,M,5,24,Crew,,,,,,,,,,,,,,,,,2XL,Crewneck,5,38,,,P,XL,Shirt,5,7,off center
P,XL,5,9,Hoodie,,,,,,,,,,,,,,,,,L,Crewneck,5,10,,,EM,L,Hoodie,5,23,off center
P,XL,5,5,Hoodie,,,,,,,,,,,,,,,,,L,Crewneck,5,21,,,EM,L,Crewneck,5,12,center
EM,2XL,5,13,Hoodie,,,,,,,,,,,,,,,,,XL,Crewneck,5,17,,,EM,2XL,Crewneck,5,5,off center
P,XL,5,5,Crew,,,,,,,,,,,,,,,,,M,Windbreaker,5,13,,,EM,2XL,Crewneck,5,17,off center
P,L,5,7,Crew,,,,,,,,,,,,,,,,,XL,Windbreaker,5,7,,,EM,XL,Crewneck,5,16,off center
AOP,S,5,20,Crew,,,,,,,,,,,,,,,,,XL,Windbreaker,5,11,,,P,L,Crewneck,5,5,center
P,L,5,5,Crew,,,,,,,,,,,,,,,,,2XL,Crewneck,5,6,,,EM,2XL,Crewneck,5,11,off center
P,L,5,7,Crew,,,,,,,,,,,,,,,,,L,Crewneck,5,0,,,EM,L,Crewneck,5,15,center
EM,L,5,5,Hoodie,,,,,,,,,,,,,,,,,XL,Varsity,5,41,,,P,L,Windbreaker,5,9,off center
P,L,5,12,Crew,,,,,,,,,,,,,,,,,L,Varsity,5,25,,,EM,XL,Shirt,5,5,center
EM,M,5,5,Hoodie,,,,,,,,,,,,,,,,,XL,Varsity,5,46,,,P,L,Shirt,5,11,center
EM,XL,5,5,Hoodie,,,,,,,,,,,,,,,,,L,Varsity,5,54,,,,,,,,
P,M,5,8,Crew,,,,,,,,,,,,,,,,,,,,,,,,,,,,
P,XL,5,0,Crew,,,,,,,,,,,,,,,,,,,,,,,,,,,,
EM,L,5,17,Crew,,,,,,,,,,,,,,,,,,,,,,,,,,,,
EM,2XL,5,0,Crew,,,,,,,,,,,,,,,,,,,,,,,,,,,,
EM,2XL,5,0,Crew,,,,,,,,,,,,,,,,,,,,,,,,,,,,
EM,XL,5,5,Hoodie,,,,,,,,,,,,,,,,,,,,,,,,,,,,
P,L,5,5,Crew,,,,,,,,,,,,,,,,,,,,,,,,,,,,
P,L,5,19,Crew,,,,,,,,,,,,,,,,,,,,,,,,,,,,
EM,L,5,5,Hoodie,,,,,,,,,,,,,,,,,,,,,,,,,,,,
EM,M,5,5,Hoodie,,,,,,,,,,,,,,,,,,,,,,,,,,,,
EM,XL,5,0,Crew,,,,,,,,,,,,,,,,,,,,,,,,,,,,
EM,XL,5,26,Hoodie,,,,,,,,,,,,,,,,,,,,,,,,,,,,
EM,S,5,8,Crew,,,,,,,,,,,,,,,,,,,,,,,,,,,,
EM,2XL,5,5,Crew,,,,,,,,,,,,,,,,,,,,,,,,,,,,
P,L,5,5,Crew,,,,,,,,,,,,,,,,,,,,,,,,,,,,
P,L,5,5,Crew,,,,,,,,,,,,,,,,,,,,,,,,,,,,
P,XL,5,19,Crew,,,,,,,,,,,,,,,,,,,,,,,,,,,,
EM,XL,5,0,Hoodie,,,,,,,,,,,,,,,,,,,,,,,,,,,,
P,L,5,5,Hoodie,,,,,,,,,,,,,,,,,,,,,,,,,,,,
B,XL,5,5,Crew,,,,,,,,,,,,,,,,,,,,,,,,,,,,
EM,XL,5,16,Crew,,,,,,,,,,,,,,,,,,,,,,,,,,,,
P,L,5,6,Crew,,,,,,,,,,,,,,,,,,,,,,,,,,,,
P,L,5,10,Crew,,,,,,,,,,,,,,,,,,,,,,,,,,,,
EM,2XL,5,15,Hoodie,,,,,,,,,,,,,,,,,,,,,,,,,,,,
EM,XL,5,6,Crew,,,,,,,,,,,,,,,,,,,,,,,,,,,,
P,L,5,0,Crew,,,,,,,,,,,,,,,,,,,,,,,,,,,,
P,L,5,5,Crew,,,,,,,,,,,,,,,,,,,,,,,,,,,,
P,XL,5,5,Crew,,,,,,,,,,,,,,,,,,,,,,,,,,,,
EM,L,5,0,Crew,,,,,,,,,,,,,,,,,,,,,,,,,,,,
EM,L,5,7,Crew,,,,,,,,,,,,,,,,,,,,,,,,,,,,
P,L,5,5,Hoodie,,,,,,,,,,,,,,,,,,,,,,,,,,,,
P,XL,5,0,Crew,,,,,,,,,,,,,,,,,,,,,,,,,,,,
EM,L,5,0,Zipup Hoodie,,,,,,,,,,,,,,,,,,,,,,,,,,,,
P,XL,5,0,Crew,,,,,,,,,,,,,,,,,,,,,,,,,,,,
EM,L,5,0,Hoodie,,,,,,,,,,,,,,,,,,,,,,,,,,,,
EM,2XL,5,5,Crew,,,,,,,,,,,,,,,,,,,,,,,,,,,,
EM,XL,5,7,Crew,,,,,,,,,,,,,,,,,,,,,,,,,,,,
P,XL,5,5,Crew,,,,,,,,,,,,,,,,,,,,,,,,,,,,
EM,XL,5,5,Hoodie,,,,,,,,,,,,,,,,,,,,,,,,,,,,
P,L,5,0,Hoodie,,,,,,,,,,,,,,,,,,,,,,,,,,,,
P,XL,5,5,Crew,,,,,,,,,,,,,,,,,,,,,,,,,,,,
EM,L,5,8,Crew,,,,,,,,,,,,,,,,,,,,,,,,,,,,
P,XL,5,13,Crew,,,,,,,,,,,,,,,,,,,,,,,,,,,,
P,XL,5,7,Crew,,,,,,,,,,,,,,,,,,,,,,,,,,,,
P,L,5,18,Crew,,,,,,,,,,,,,,,,,,,,,,,,,,,,
P,M,5,5,Crew,,,,,,,,,,,,,,,,,,,,,,,,,,,,
EM,2XL,5,15,Crew,,,,,,,,,,,,,,,,,,,,,,,,,,,,
P,XL,5,7,Crew,,,,,,,,,,,,,,,,,,,,,,,,,,,,
P,XL,5,13,Crew,,,,,,,,,,,,,,,,,,,,,,,,,,,,
EM,XL,5,5,Zipup,,,,,,,,,,,,,,,,,,,,,,,,,,,,
P,XL,5,6,Crew,,,,,,,,,,,,,,,,,,,,,,,,,,,,
EM,XL,5,11,Crew,,,,,,,,,,,,,,,,,,,,,,,,,,,,
P,XL,5,6,Hoodie,,,,,,,,,,,,,,,,,,,,,,,,,,,,
P,L,5,22,Crew,,,,,,,,,,,,,,,,,,,,,,,,,,,,
P,XL,5,5,Hoodie,,,,,,,,,,,,,,,,,,,,,,,,,,,,
P,3XL,5,0,Crew,,,,,,,,,,,,,,,,,,,,,,,,,,,,
P,2XL,5,5,Crew,,,,,,,,,,,,,,,,,,,,,,,,,,,,
P,L,5,5,Crew,,,,,,,,,,,,,,,,,,,,,,,,,,,,
EM,XL,5,16,Crew,,,,,,,,,,,,,,,,,,,,,,,,,,,,
EM,XL,5,9,Crew,,,,,,,,,,,,,,,,,,,,,,,,,,,,
EM,XL,5,5,Hoodie,,,,,,,,,,,,,,,,,,,,,,,,,,,,
P,XL,5,0,Crew,,,,,,,,,,,,,,,,,,,,,,,,,,,,
P,XL,5,0,Crew,,,,,,,,,,,,,,,,,,,,,,,,,,,,
B,L,5,5,Crew,,,,,,,,,,,,,,,,,,,,,,,,,,,,
EM,M,5,0,Hoodie,,,,,,,,,,,,,,,,,,,,,,,,,,,,
EM,M,5,5,Hoodie,,,,,,,,,,,,,,,,,,,,,,,,,,,,
EM,M,5,0,Hoodie,,,,,,,,,,,,,,,,,,,,,,,,,,,,
EM,M,5,5,Hoodie,,,,,,,,,,,,,,,,,,,,,,,,,,,,
P,M,5,5,Hoodie,,,,,,,,,,,,,,,,,,,,,,,,,,,,
P,XL,5,5,Crew,,,,,,,,,,,,,,,,,,,,,,,,,,,,
P,L,5,0,Crew,,,,,,,,,,,,,,,,,,,,,,,,,,,,
P,XL,5,8,Crew,,,,,,,,,,,,,,,,,,,,,,,,,,,,
EM,2XL,5,12,Crew,,,,,,,,,,,,,,,,,,,,,,,,,,,,
EM,XL,5,12,Hoodie,,,,,,,,,,,,,,,,,,,,,,,,,,,,
EM,S,5,0,Hoodie,,,,,,,,,,,,,,,,,,,,,,,,,,,,
P,M,5,21,Crew,,,,,,,,,,,,,,,,,,,,,,,,,,,,
EM,L,5,0,Hoodie,,,,,,,,,,,,,,,,,,,,,,,,,,,,
P,XL,5,9,Quarter Zip,,,,,,,,,,,,,,,,,,,,,,,,,,,,
EM,L,5,0,Hoodie,,,,,,,,,,,,,,,,,,,,,,,,,,,,
EM,M,5,5,Hoodie,,,,,,,,,,,,,,,,,,,,,,,,,,,,
EM,XL,5,0,Hoodie,,,,,,,,,,,,,,,,,,,,,,,,,,,,
EM,XL,5,0,Hoodie,,,,,,,,,,,,,,,,,,,,,,,,,,,,
P,XL,5,0,Zipup,,,,,,,,,,,,,,,,,,,,,,,,,,,,
P,XL,5,0,Zipup,,,,,,,,,,,,,,,,,,,,,,,,,,,,
P,L,5,5,Zipup,,,,,,,,,,,,,,,,,,,,,,,,,,,,
EM,L,5,0,Hoodie,,,,,,,,,,,,,,,,,,,,,,,,,,,,
P,L,5,10,Crew,,,,,,,,,,,,,,,,,,,,,,,,,,,,
P,XL,5,15,Crew,,,,,,,,,,,,,,,,,,,,,,,,,,,,
B,XL,5,26,Zipup Hoodie,,,,,,,,,,,,,,,,,,,,,,,,,,,,
P,XL,5,18,Crew,,,,,,,,,,,,,,,,,,,,,,,,,,,,
P,XL,5,15,Crew,,,,,,,,,,,,,,,,,,,,,,,,,,,,
P,XL,5,0,Crew,,,,,,,,,,,,,,,,,,,,,,,,,,,,
P,XL,5,5,Crew,,,,,,,,,,,,,,,,,,,,,,,,,,,,
P,L,5,10,Crew,,,,,,,,,,,,,,,,,,,,,,,,,,,,
B,L,5,5,Zipup Hoodie,,,,,,,,,,,,,,,,,,,,,,,,,,,,
EM,XL,5,5,Hoodie,,,,,,,,,,,,,,,,,,,,,,,,,,,,
EM,2XL,5,5,Crew,,,,,,,,,,,,,,,,,,,,,,,,,,,,
P,L,5,10,Crew,,,,,,,,,,,,,,,,,,,,,,,,,,,,
P,XL,5,9,Crew,,,,,,,,,,,,,,,,,,,,,,,,,,,,
P,M,5,47,Hoodie,,,,,,,,,,,,,,,,,,,,,,,,,,,,
EM,XL,5,5,Crew,,,,,,,,,,,,,,,,,,,,,,,,,,,,
B,XL,5,7,Crew,,,,,,,,,,,,,,,,,,,,,,,,,,,,
P,XL,5,5,Crew,,,,,,,,,,,,,,,,,,,,,,,,,,,,
P,XL,5,0,Hoodie,,,,,,,,,,,,,,,,,,,,,,,,,,,,
P,L,5,7,Crew,,,,,,,,,,,,,,,,,,,,,,,,,,,,
